{"is_source_file": true, "format": "bash script", "description": "A shell script designed to detect and restore various types of databases from backup files, including SQLite, PostgreSQL, MySQL, and MongoDB. It performs checks for backup files and database server availability, then executes appropriate restore commands.", "external_files": ["database_backup.db", "database_backup.sql", "database_backup.archive"], "external_methods": ["ls", "cp", "sudo -u postgres pg_isready", "psql", "mysqladmin", "mysql", "mongosh", "mongorestore"], "published": [], "classes": [], "methods": [], "calls": ["ls", "cp", "sudo -u postgres pg_isready", "psql", "mysqladmin ping", "mysql", "mongosh --port", "mongorestore --port"], "search-terms": ["restore_db.sh", "database restore", "SQLite restore", "PostgreSQL restore", "MySQL restore", "MongoDB restore", "backup detection", "database backup files"], "state": 2, "file_id": 7, "knowledge_revision": 13, "git_revision": "df3e2718c6961d174754753fa8ab5c0a0245f55c", "hash": "d42c3e6cbc3bbd627e3c08afcf4183ec", "format-version": 4, "code-base-name": "database", "filename": "database/restore_db.sh", "revision_history": [{"13": "df3e2718c6961d174754753fa8ab5c0a0245f55c"}]}