{"is_source_file": true, "format": "bash", "description": "A shell script that automates backing up different types of databases (SQLite, PostgreSQL, MySQL, MongoDB) by detecting which database is active and performing the appropriate backup commands.", "external_files": ["/usr/lib/postgresql/", "/var/run/mysqld/mysqld.sock"], "external_methods": ["ls", "cp", "sudo", "mysqladmin", "mysql", "mysqldump", "mongosh", "mongodump"], "published": [], "classes": [], "methods": [], "calls": ["ls", "cp", "sudo -u postgres pg_isready", "bash -c '...'", "mysqladmin ping", "mysqladmin ping --socket", "mysql -h localhost -P ${DB_PORT} -u ${DB_USER} -p${DB_PASSWORD}", "mysqldump -h localhost -P ${DB_PORT} -u ${DB_USER} -p${DB_PASSWORD}", "mysql -h localhost -P ${DB_PORT} -u root -p${DB_PASSWORD}", "sudo mysql --socket", "sudo mysqldump --socket", "mongosh --port ${DB_PORT} --eval 'db.adminCommand(\"ping\")'", "mongodump --port ${DB_PORT} --db ${DB_NAME} --archive=...", "echo"], "search-terms": ["backup_db.sh", "sqlite", "postgresql", "mysql", "mongosh", "database backup script", "detect and backup database", "database detection bash script", "fallback mysql socket"], "state": 2, "file_id": 3, "knowledge_revision": 14, "git_revision": "df3e2718c6961d174754753fa8ab5c0a0245f55c", "hash": "d7da372b768c895a33088027314656c3", "format-version": 4, "code-base-name": "database", "filename": "database/backup_db.sh", "revision_history": [{"14": "df3e2718c6961d174754753fa8ab5c0a0245f55c"}]}