{"is_source_file": true, "format": "Python", "description": "This file implements an interactive command-line shell for managing and querying an SQLite database, including commands for listing tables, showing schemas, describing tables, and executing arbitrary SQL queries.", "external_files": ["sqlite3"], "external_methods": ["sqlite3.connect", "sqlite3.Error"], "published": [], "classes": [], "methods": [{"name": "print_help()", "description": "Prints help information about available commands in the shell.", "scope": "", "scopeKind": ""}, {"name": "list_tables(cursor)", "description": "Lists all user-defined tables in the database.", "scope": "", "scopeKind": ""}, {"name": "show_schema(cursor, table_name=None)", "description": "Displays the CREATE statement(s) for the specified table or all tables.", "scope": "", "scopeKind": ""}, {"name": "describe_table(cursor, table_name)", "description": "Shows the structure (columns and their properties) of the specified table.", "scope": "", "scopeKind": ""}, {"name": "execute_query(cursor, query)", "description": "Executes a provided SQL query and displays the results or execution status.", "scope": "", "scopeKind": ""}, {"name": "main()", "description": "Main loop that runs the interactive shell, processing user input and executing commands.", "scope": "", "scopeKind": ""}], "calls": ["sqlite3.connect", ".execute", ".fetchall", ".fetchone", ".rowcount", ".description", "print", "input", "sys.exit"], "search-terms": ["db_shell", "sqlite3 interactive", "database commands", "schema show", "table description", "interactive SQL shell"], "state": 2, "file_id": 2, "knowledge_revision": 18, "git_revision": "df3e2718c6961d174754753fa8ab5c0a0245f55c", "ctags": [{"_type": "tag", "name": "DB_NAME", "path": "/home/kavia/workspace/code-generation/simple-notes-app-312508-312525/database/db_shell.py", "pattern": "/^DB_NAME = \"myapp.db\"$/", "language": "Python", "kind": "variable"}, {"_type": "tag", "name": "describe_table", "path": "/home/kavia/workspace/code-generation/simple-notes-app-312508-312525/database/db_shell.py", "pattern": "/^def describe_table(cursor, table_name):$/", "language": "Python", "kind": "function", "signature": "(cursor, table_name)"}, {"_type": "tag", "name": "execute_query", "path": "/home/kavia/workspace/code-generation/simple-notes-app-312508-312525/database/db_shell.py", "pattern": "/^def execute_query(cursor, query):$/", "language": "Python", "kind": "function", "signature": "(cursor, query)"}, {"_type": "tag", "name": "list_tables", "path": "/home/kavia/workspace/code-generation/simple-notes-app-312508-312525/database/db_shell.py", "pattern": "/^def list_tables(cursor):$/", "language": "Python", "kind": "function", "signature": "(cursor)"}, {"_type": "tag", "name": "main", "path": "/home/kavia/workspace/code-generation/simple-notes-app-312508-312525/database/db_shell.py", "pattern": "/^def main():$/", "language": "Python", "kind": "function", "signature": "()"}, {"_type": "tag", "name": "print_help", "path": "/home/kavia/workspace/code-generation/simple-notes-app-312508-312525/database/db_shell.py", "pattern": "/^def print_help():$/", "language": "Python", "kind": "function", "signature": "()"}, {"_type": "tag", "name": "show_schema", "path": "/home/kavia/workspace/code-generation/simple-notes-app-312508-312525/database/db_shell.py", "pattern": "/^def show_schema(cursor, table_name=None):$/", "language": "Python", "kind": "function", "signature": "(cursor, table_name=None)"}], "hash": "7a5a132ab2db661e22c5eb4827332833", "format-version": 4, "code-base-name": "database", "filename": "database/db_shell.py", "fields": [{"name": "DB_NAME = \"myapp.db\"", "scope": "", "scopeKind": "", "description": "unavailable"}], "revision_history": [{"18": "df3e2718c6961d174754753fa8ab5c0a0245f55c"}]}