{"is_source_file": true, "format": "HTML", "description": "This is an HTML source file for a web-based database visualizer UI, including embedded CSS styles and JavaScript for dynamic interactions such as loading database lists, tables, and data, and rendering them in a tabular format.", "external_files": ["/api/databases", "/api/{db}/tables", "/api/{db}/tables/{tableName}/data"], "external_methods": ["fetch"], "published": [], "classes": [], "methods": [{"name": "loadDatabases", "description": "Fetches the list of databases and updates the sidebar."}, {"name": "refreshDatabases", "description": "Reloads the database list, resets UI state."}, {"name": "toggleDatabase", "description": "Expands or collapses a database's table list."}, {"name": "loadTables", "description": "Loads the list of tables for a selected database."}, {"name": "loadTableData", "description": "Fetches and displays data for a selected table."}, {"name": "renderTable", "description": "Renders data as an HTML table including header and rows."}, {"name": "renderCell", "description": "Generates HTML for individual cell based on data type and length."}, {"name": "expandCell", "description": "Expands or collapses cell content for long or object data."}], "calls": ["fetchData('/api/databases')", "fetchData(`/api/${db}/tables`)", "fetchData(`/api/${db}/tables/${tableName}/data?limit=50`)"], "search-terms": ["HTML database viewer", "embedded JavaScript", "dynamic table rendering", "database list sidebar", "table data display", "expand cell content", "loading spinner", "API endpoints"], "state": 2, "file_id": 5, "knowledge_revision": 15, "git_revision": "df3e2718c6961d174754753fa8ab5c0a0245f55c", "hash": "ee63333a4841bf025439c755a74c9881", "format-version": 4, "code-base-name": "database", "filename": "database/db_visualizer/public/index.html", "revision_history": [{"15": "df3e2718c6961d174754753fa8ab5c0a0245f55c"}]}